1,Túi tote vải,Đường may chắc chắn,205362,53,Giày dép
2,Áo khoác dù,"Thiết kế trẻ trung, năng động",118184,43,Giày dép
3,Túi xách da,"Chất liệu cao cấp, bền đẹp",738729,74,Balo & Túi xách
4,Áo khoác dù,"Form dáng chuẩn, dễ phối đồ",118433,18,Phụ kiện
5,Quần jean nữ,"Màu sắc đa dạng, bắt mắt",461579,56,Thời trang nam
6,Túi xách da,Sản phẩm bán chạy,693359,59,Phụ kiện
7,Balo laptop,"Thiết kế trẻ trung, năng động",480788,57,Balo & Túi xách
8,Giày lười nam,Bảo hành 12 tháng,431719,68,Phụ kiện
9,Quần jean nữ,Sản phẩm bán chạy,899864,82,Balo & Túi xách
10,Áo sơ mi nam,Thấm hút mồ hôi tốt,904604,35,Thời trang nam
11,Đồng hồ thời trang,Sản phẩm bán chạy,445607,66,Giày dép
12,Áo khoác dù,"Chất liệu cao cấp, bền đẹp",361398,84,Phụ kiện
13,Đồng hồ thời trang,Phù hợp nhiều dịp khác nhau,873047,7,Thời trang nam
14,Quần short nam,Phù hợp nhiều dịp khác nhau,400087,81,Balo & Túi xách
15,Đồng hồ thời trang,"Chất liệu cao cấp, bền đẹp",894372,85,Thời trang nữ
16,Kính mát thời trang,"Màu sắc đa dạng, bắt mắt",579406,58,Phụ kiện
17,Kính mát thời trang,Thấm hút mồ hôi tốt,589680,81,Thời trang nữ
18,Áo hoodie,Sản phẩm bán chạy,271727,39,Thời trang nam
19,Tất cotton,"Chống nước, chống bám bụi",353042,71,Giày dép
20,Áo hoodie,Đường may chắc chắn,573650,32,Thời trang nữ
21,Mũ lưỡi trai,"Thiết kế trẻ trung, năng động",930408,55,Phụ kiện
22,Túi tote vải,"Màu sắc đa dạng, bắt mắt",243634,61,Thời trang nữ
23,Mũ lưỡi trai,"Thiết kế trẻ trung, năng động",219790,82,Giày dép
24,Váy maxi,Bảo hành 12 tháng,693734,46,Thời trang nữ
25,Áo khoác dù,Sản phẩm bán chạy,112953,27,Thời trang nữ
26,Quần jean nữ,"Chống nước, chống bám bụi",197376,55,Giày dép
27,Chân váy chữ A,"Màu sắc đa dạng, bắt mắt",870489,7,Balo & Túi xách
28,Chân váy chữ A,"Màu sắc đa dạng, bắt mắt",694275,85,Phụ kiện
29,Giày lười nam,"Chống nước, chống bám bụi",227565,88,Thời trang nam
30,Áo thun nam,"Thiết kế trẻ trung, năng động",970370,57,Thời trang nam
31,Áo hoodie,Thấm hút mồ hôi tốt,155250,76,Giày dép
32,Mũ lưỡi trai,"Màu sắc đa dạng, bắt mắt",544865,63,Balo & Túi xách
33,Túi tote vải,Bảo hành 12 tháng,204665,12,Thời trang nữ
34,Giày sandal nữ,Đường may chắc chắn,250083,96,Thời trang nam
35,Giày lười nam,Thấm hút mồ hôi tốt,756922,93,Balo & Túi xách
36,Mũ lưỡi trai,Bảo hành 12 tháng,320998,100,Phụ kiện
37,Váy maxi,"Màu sắc đa dạng, bắt mắt",911142,7,Balo & Túi xách
38,Tất cotton,Đường may chắc chắn,88906,42,Thời trang nam
39,Áo khoác dù,"Chống nước, chống bám bụi",204954,73,Thời trang nữ
40,Quần short nam,"Chất liệu cao cấp, bền đẹp",57479,88,Thời trang nữ
41,Áo hoodie,Sản phẩm bán chạy,203618,50,Phụ kiện
42,Giày sandal nữ,Sản phẩm bán chạy,877832,30,Giày dép
43,Áo thun nam,"Thiết kế trẻ trung, năng động",366795,90,Giày dép
44,Áo sơ mi nam,Thấm hút mồ hôi tốt,974375,96,Thời trang nữ
45,Giày thể thao,"Chất liệu cao cấp, bền đẹp",102529,81,Thời trang nữ
46,Váy maxi,"Chất liệu cao cấp, bền đẹp",864941,93,Giày dép
47,Áo thun nam,Phù hợp nhiều dịp khác nhau,899642,29,Balo & Túi xách
48,Quần short nam,Sản phẩm bán chạy,68564,54,Phụ kiện
49,Áo hoodie,"Chống nước, chống bám bụi",104405,65,Thời trang nữ
50,Quần jean nữ,"Chống nước, chống bám bụi",292740,39,Balo & Túi xách
51,Túi tote vải,"Chất liệu cao cấp, bền đẹp",490555,41,Thời trang nam
52,Áo sơ mi nam,Sản phẩm bán chạy,799648,35,Phụ kiện
53,Balo laptop,Đường may chắc chắn,125537,31,Phụ kiện
54,Giày thể thao,Thấm hút mồ hôi tốt,205897,86,Phụ kiện
55,Quần short nam,"Form dáng chuẩn, dễ phối đồ",911027,74,Giày dép
56,Váy maxi,"Màu sắc đa dạng, bắt mắt",472018,98,Thời trang nam
57,Áo hoodie,"Chống nước, chống bám bụi",487664,70,Balo & Túi xách
58,Kính mát thời trang,"Màu sắc đa dạng, bắt mắt",966744,15,Giày dép
59,Váy maxi,Bảo hành 12 tháng,921290,91,Giày dép
60,Quần legging,Thấm hút mồ hôi tốt,587404,29,Thời trang nam
61,Túi tote vải,Sản phẩm bán chạy,947118,75,Thời trang nam
62,Áo sơ mi nam,Bảo hành 12 tháng,575675,98,Balo & Túi xách
63,Chân váy chữ A,"Form dáng chuẩn, dễ phối đồ",576905,67,Thời trang nữ
64,Kính mát thời trang,"Form dáng chuẩn, dễ phối đồ",845411,52,Balo & Túi xách
65,Áo hoodie,Thấm hút mồ hôi tốt,199351,62,Thời trang nam
66,Áo hoodie,Thấm hút mồ hôi tốt,478661,29,Thời trang nam
67,Quần short nam,Sản phẩm bán chạy,822806,83,Phụ kiện
68,Quần short nam,"Chống nước, chống bám bụi",766065,9,Balo & Túi xách
69,Thắt lưng da,"Form dáng chuẩn, dễ phối đồ",957885,41,Balo & Túi xách
70,Thắt lưng da,Sản phẩm bán chạy,426420,94,Thời trang nam
71,Túi xách da,"Thiết kế trẻ trung, năng động",214806,73,Giày dép
72,Áo khoác dù,Đường may chắc chắn,865205,57,Phụ kiện
73,Giày sandal nữ,Sản phẩm bán chạy,297943,62,Balo & Túi xách
74,Túi xách da,Bảo hành 12 tháng,91159,73,Thời trang nữ
75,Mũ lưỡi trai,Bảo hành 12 tháng,233484,29,Phụ kiện
76,Áo thun nam,"Thiết kế trẻ trung, năng động",217978,9,Thời trang nữ
77,Quần short nam,"Form dáng chuẩn, dễ phối đồ",97136,60,Thời trang nữ
78,Giày lười nam,Bảo hành 12 tháng,476499,92,Giày dép
79,Mũ lưỡi trai,Sản phẩm bán chạy,440855,93,Thời trang nam
80,Áo sơ mi nam,Thấm hút mồ hôi tốt,795607,73,Giày dép
81,Quần legging,Phù hợp nhiều dịp khác nhau,866900,32,Thời trang nam
82,Giày thể thao,Bảo hành 12 tháng,934480,20,Phụ kiện
83,Váy maxi,Phù hợp nhiều dịp khác nhau,827879,39,Phụ kiện
84,Quần short nam,Đường may chắc chắn,852782,69,Giày dép
85,Áo hoodie,Sản phẩm bán chạy,630079,84,Giày dép
86,Kính mát thời trang,"Chống nước, chống bám bụi",942879,5,Thời trang nam
87,Túi tote vải,"Thiết kế trẻ trung, năng động",249342,37,Giày dép
88,Kính mát thời trang,Đường may chắc chắn,427938,7,Thời trang nữ
89,Giày sandal nữ,Thấm hút mồ hôi tốt,956294,83,Thời trang nữ
90,Giày lười nam,"Màu sắc đa dạng, bắt mắt",913420,25,Phụ kiện
91,Mũ lưỡi trai,"Chất liệu cao cấp, bền đẹp",840383,64,Phụ kiện
92,Túi tote vải,Sản phẩm bán chạy,788989,100,Balo & Túi xách
93,Túi tote vải,Phù hợp nhiều dịp khác nhau,325130,88,Thời trang nam
94,Đồng hồ thời trang,"Chống nước, chống bám bụi",827448,62,Giày dép
95,Giày sandal nữ,Thấm hút mồ hôi tốt,235286,75,Thời trang nam
96,Giày sandal nữ,Bảo hành 12 tháng,743807,9,Balo & Túi xách
97,Túi xách da,"Thiết kế trẻ trung, năng động",451396,27,Giày dép
98,Áo thun nam,Thấm hút mồ hôi tốt,842558,100,Thời trang nam
99,Túi xách da,Thấm hút mồ hôi tốt,792866,85,Thời trang nam
100,Túi xách da,"Màu sắc đa dạng, bắt mắt",728012,34,Balo & Túi xách